{
    "att48": 40915.74325141544,
    "berlin52": 9252.400011830608,
    "bier127": 146023.7100347147,
    "burma14": 36.119876502452186,
    "ch130": 8524.389689807065,
    "ch150": 7942.391719653471,
    "d198": 24.90742690060344,
    "eil101": 824.1958063343426,
    "eil51": 613.3579734081749,
    "eil76": 733.5432750689318,
    "gr137": 1064.9099976025807,
    "gr202": 616.7858765333452,
    "gr229": 2014.53381469971,
    "gr96": 633.8355163941411,
    "kroA100": 26784.912374274656,
    "kroA150": 32811.91905780134,
    "kroA200": 37460.9924003928,
    "kroB100": 27380.666812892774,
    "kroB150": 35402.32671686098,
    "kroB200": 36428.110861395224,
    "kroC100": 25294.40232580206,
    "kroD100": 28061.94014340036,
    "kroE100": 25994.026641949757,
    "lin105": 18210.076035809954,
    "pr107": 49965.06604210076,
    "pr124": 71647.34854346822,
    "pr136": 122684.09669769616,
    "pr144": 65887.07672278848,
    "pr152": 85529.02743779005,
    "pr226": 94215.83929770302,
    "pr76": 151665.21337044294,
    "rat195": 2728.815194408569,
    "rat99": 1515.0782472727235,
    "rd100": 20.5132349014094,
    "st70": 818.5228620118,
    "ts225": 140521.18376076221,
    "tsp225": 5203.138118902742,
    "u159": 10.399999999999999,
    "ulysses16": 88.58880397460658,
    "ulysses22": 90.72135801304204
}