{"1": [1.43775, 2.0], "2": [8.8178, 2.0], "3": [5.45244, 2.0], "4": [5.02813, 2.0], "5": [2.04876, 2.0], "6": [7.01637, 2.0], "7": [1.47167, 2.0], "8": [1.35382, 2.0], "9": [6.28999, 2.0], "10": [6.74999, 2.0], "11": [3.13696, 2.0], "12": [4.45689, 2.0], "13": [3.54793, 2.0], "14": [3.98129, 2.0], "15": [2.73041, 2.0], "16": [6.66295, 2.0], "17": [8.76942, 2.0], "18": [1.34026, 2.0], "19": [9.66825, 2.0], "20": [6.59346, 2.0], "21": [4.0034, 2.0], "22": [1.18041, 2.0], "23": [8.0987, 2.0], "24": [1.62821, 1.0], "25": [1.26192, 1.0], "26": [6.50039, 2.0], "27": [7.91189, 2.0], "28": [9.07194, 2.0], "29": [5.10857, 2.0], "30": [3.16366, 1.0], "31": [7.76763, 2.0], "32": [5.31819, 2.0], "33": [6.54965, 2.0], "34": [1.8606, 2.0], "35": [5.64595, 2.0], "36": [4.10816, 2.0], "37": [9.30189, 2.0], "38": [9.41392, 2.0], "39": [3.41538, 2.0], "40": [1.62622, 2.0], "41": [1.07558, 2.0], "42": [8.26398, 1.0], "43": [4.30137, 1.0], "44": [5.5445, 2.0], "45": [6.08618, 2.0], "46": [8.89589, 2.0], "47": [5.59461, 2.0], "48": [1.36027, 1.0], "49": [4.02567, 2.0], "50": [8.86156, 2.0], "51": [8.46462, 1.0], "52": [4.86783, 2.0], "53": [6.47516, 2.0], "54": [9.6765, 2.0], "55": [2.36623, 2.0], "56": [8.79518, 2.0], "57": [5.0984, 2.0], "58": [9.36134, 2.0], "59": [8.72343, 2.0], "60": [1.42996, 2.0], "61": [2.33102, 2.0], "62": [1.99819, 2.0], "63": [3.02123, 2.0], "64": [3.65531, 2.0], "65": [1.07593, 2.0], "66": [8.02657, 2.0], "67": [3.19486, 2.0], "68": [3.24542, 0.0], "69": [1.80027, 2.0], "70": [9.77601, 2.0], "71": [1.46301, 1.0], "72": [9.22626, 2.0], "73": [8.96272, 2.0], "74": [6.67952, 2.0], "75": [4.25058, 2.0], "76": [8.65918, 2.0], "77": [8.98572, 2.0], "78": [6.21689, 2.0], "79": [6.7373, 2.0], "80": [8.92979, 1.0], "81": [1.47858, 2.0], "82": [4.28293, 2.0], "83": [5.17499, 1.0], "84": [8.26458, 2.0], "85": [4.26249, 2.0], "86": [3.16069, 2.0], "87": [2.75713, 2.0], "88": [8.35293, 2.0], "89": [9.70187, 2.0], "90": [1.23616, 2.0], "91": [2.26668, 2.0], "92": [8.0892, 2.0], "93": [9.42256, 2.0], "94": [7.05831, 2.0], "95": [8.56231, 2.0], "96": [3.52477, 2.0], "97": [3.08882, 2.0], "98": [7.50979, 2.0], "99": [6.10775, 2.0], "100": [4.83637, 2.0]}